"StartDate","EndDate","Status","Duration..in.seconds.","Progress","RecordedDate","ResponseId","UserLanguage","DistributionChannel"
"Start Date","End Date","Response Type","Duration (in seconds)","Progress","Recorded Date","Response ID","User Language","Distribution Channel"
"{""ImportId"":""startDate"",""timeZone"":""Europe/Berlin""}","{""ImportId"":""endDate"",""timeZone"":""Europe/Berlin""}","{""ImportId"":""status""}","{""ImportId"":""duration""}","{""ImportId"":""progress""}","{""ImportId"":""recordedDate"",""timeZone"":""Europe/Berlin""}","{""ImportId"":""_recordId""}","{""ImportId"":""userLanguage""}","{""ImportId"":""distributionChannel""}"
"2025-04-07 09:30:50","2025-04-07 09:34:25","IP Address","214","100","2025-04-07 09:34:26","R_4Hcms9B0QY4Tf9A","EN","email"
"2025-04-07 09:29:32","2025-04-07 09:34:45","IP Address","312","100","2025-04-07 09:34:45","R_80iAqYYaqXVVYRP","EN","email"
"2025-04-07 09:58:55","2025-04-07 10:02:42","IP Address","226","100","2025-04-07 10:02:42","R_3CwTRktAau6Y6Qy","EN","email"
"2025-04-07 10:02:23","2025-04-07 10:06:52","IP Address","268","100","2025-04-07 10:06:52","R_3nvnjjaHTALFI65","EN","email"
"2025-04-07 10:02:21","2025-04-07 10:07:20","IP Address","298","100","2025-04-07 10:07:20","R_77g5d1iXE6yRHZe","EN","email"
"2025-04-07 09:41:00","2025-04-07 10:12:58","IP Address","1918","100","2025-04-07 10:12:58","R_8f0RLILkisSzJWa","EN","email"
"2025-04-07 10:26:59","2025-04-07 10:30:24","IP Address","205","100","2025-04-07 10:30:25","R_82zRds9QDCXSulG","EN","email"
"2025-04-07 11:06:54","2025-04-07 11:16:12","IP Address","558","100","2025-04-07 11:16:13","R_8E0PeczepAKloBf","EN","email"
"2025-04-07 11:30:49","2025-04-07 11:34:32","IP Address","222","100","2025-04-07 11:34:32","R_2Vdoq8V5nfxzkvi","EN","email"
"2025-04-07 13:42:06","2025-04-07 13:46:58","IP Address","291","100","2025-04-07 13:46:58","R_7Jpw9qwSyB1xqCd","EN","email"
"2025-04-07 13:41:10","2025-04-07 13:48:03","IP Address","413","100","2025-04-07 13:48:04","R_9KuJPsAy631gCXK","EN","email"
"2025-04-07 14:41:41","2025-04-07 14:45:56","IP Address","254","100","2025-04-07 14:45:57","R_9NeqSA8RE9cMDFq","EN","email"
"2025-04-07 14:16:19","2025-04-07 14:50:43","IP Address","2064","100","2025-04-07 14:50:43","R_23rMkicjAEPBfpv","EN","email"
"2025-04-07 15:00:57","2025-04-07 15:04:31","IP Address","213","100","2025-04-07 15:04:31","R_71RGZ3VgJ7K2fOM","EN","email"
"2025-04-07 16:06:46","2025-04-07 16:13:33","IP Address","407","100","2025-04-07 16:13:34","R_501yOv0vlL69dBy","EN","email"
"2025-04-07 17:32:51","2025-04-07 17:36:57","IP Address","246","100","2025-04-07 17:36:58","R_60ubsBP7WFFMlfb","EN","email"
"2025-04-08 01:06:04","2025-04-08 01:48:47","IP Address","2562","100","2025-04-08 01:48:48","R_4knP3icyDIk63xY","EN","email"
"2025-04-08 04:16:32","2025-04-08 04:22:19","IP Address","346","100","2025-04-08 04:22:19","R_1nT6Oim7qOPjXeg","EN","email"
"2025-04-08 13:38:49","2025-04-08 13:44:10","IP Address","321","100","2025-04-08 13:44:11","R_8eUXkmSHtKYhYqy","EN","email"
"2025-04-09 05:09:20","2025-04-09 05:12:56","IP Address","216","100","2025-04-09 05:12:57","R_4kNtI999D9g0GaN","EN","email"
"2025-04-16 23:23:01","2025-04-16 23:36:25","IP Address","804","100","2025-04-16 23:36:27","R_1lbj0mwMLLB2bwD","EN","email"
"2025-03-18 13:53:32","2025-03-18 14:22:28","IP Address","1735","100","2025-03-18 14:22:28","R_7P4ZNn1zG1tnCyO","EN","anonymous"
"2025-03-18 14:34:55","2025-03-18 14:35:24","IP Address","29","100","2025-03-18 14:35:25","R_8SuiVTOtQ344Kfy","EN","email"
"2025-03-18 12:10:18","2025-03-18 12:10:57","IP Address","39","80","2025-03-18 14:36:30","R_8DNuljeUD0Gm1bQ","EN","anonymous"
"2025-03-18 12:14:33","2025-03-18 12:15:14","IP Address","41","80","2025-03-18 14:36:31","R_8hDSML7zhAqh89u","EN","anonymous"
"2025-03-18 12:15:43","2025-03-18 12:16:08","IP Address","24","80","2025-03-18 14:36:31","R_8sB8FETfVHa0qWe","EN","anonymous"
"2025-03-18 12:10:37","2025-03-18 12:11:17","IP Address","40","20","2025-03-18 14:36:34","R_2t0aZwSv6tAHBls","EN","anonymous"
"2025-03-20 11:03:11","2025-03-20 11:04:54","IP Address","103","100","2025-03-20 11:04:56","R_8EFgXQ9gJ58DnnU","EN","email"
"2025-03-20 10:59:44","2025-03-20 11:06:21","IP Address","397","100","2025-03-20 11:06:22","R_40ojijLtAth5WbT","EN","email"
"2025-03-20 11:02:22","2025-03-20 11:08:04","IP Address","341","100","2025-03-20 11:08:04","R_2Y3sLtz9TVB4E59","EN","email"
"2025-03-20 11:01:26","2025-03-20 11:09:18","IP Address","472","100","2025-03-20 11:09:19","R_2OiXiBTM0q0w7fj","EN","email"
"2025-03-20 11:02:00","2025-03-20 11:09:58","IP Address","477","100","2025-03-20 11:09:59","R_8gdrFsoxYIKO9Vv","EN","email"
"2025-03-20 11:09:16","2025-03-20 11:14:16","IP Address","300","100","2025-03-20 11:14:16","R_93Mv46LgQgMij7z","EN","email"
"2025-03-20 11:13:25","2025-03-20 11:19:04","IP Address","338","100","2025-03-20 11:19:04","R_2iqbTGR6nJAmt4I","EN","email"
"2025-03-20 11:17:10","2025-03-20 11:20:42","IP Address","212","100","2025-03-20 11:20:43","R_2cekU3G69YHvUFY","EN","email"
"2025-03-20 11:18:25","2025-03-20 11:24:14","IP Address","348","100","2025-03-20 11:24:15","R_8lYsi0aDEhFjzzj","EN","email"
"2025-03-20 11:25:04","2025-03-20 11:28:11","IP Address","186","100","2025-03-20 11:28:12","R_22mArqAF9ISzULH","EN","email"
"2025-03-20 11:26:08","2025-03-20 11:29:40","IP Address","212","100","2025-03-20 11:29:41","R_22ZkXUxHvQiGpvr","EN","email"
"2025-03-20 11:07:41","2025-03-20 11:40:48","IP Address","1986","100","2025-03-20 11:40:48","R_2g6ZwZ5oVZpE7Hr","EN","email"
"2025-03-20 11:36:16","2025-03-20 11:42:52","IP Address","395","100","2025-03-20 11:42:52","R_2UarOnmWD9u66s8","EN","email"
"2025-03-20 11:05:13","2025-03-20 11:43:34","IP Address","2300","100","2025-03-20 11:43:35","R_2P5h7jTk2XkVytP","EN","email"
"2025-03-20 11:42:25","2025-03-20 11:47:26","IP Address","301","100","2025-03-20 11:47:26","R_2FagXrwVSu6hd0l","EN","email"
"2025-03-20 11:48:00","2025-03-20 11:53:07","IP Address","306","100","2025-03-20 11:53:07","R_5HXQGpp5okS4qzC","EN","email"
"2025-03-20 11:41:28","2025-03-20 11:53:33","IP Address","724","100","2025-03-20 11:53:33","R_5szUHcbd3MeOCFG","EN","email"
"2025-03-20 11:53:34","2025-03-20 11:57:41","IP Address","247","100","2025-03-20 11:57:42","R_2Rek6TSVCkJtaBB","EN","email"
"2025-03-20 12:02:07","2025-03-20 12:05:46","IP Address","218","100","2025-03-20 12:05:47","R_4dSM8UWyMdvErQj","EN","email"
"2025-03-20 12:14:59","2025-03-20 12:20:46","IP Address","347","100","2025-03-20 12:20:47","R_2HhRAKAGsRCaOhj","EN","email"
"2025-03-20 12:29:34","2025-03-20 12:36:41","IP Address","427","100","2025-03-20 12:36:42","R_3RfPTooPVfTtErx","EN","email"
"2025-03-20 12:43:57","2025-03-20 12:46:40","IP Address","163","100","2025-03-20 12:46:41","R_2MtFOqMnkHB4XKh","EN","email"
"2025-03-20 13:29:52","2025-03-20 13:35:03","IP Address","311","100","2025-03-20 13:35:04","R_2N1EFDYz0t3KpPP","EN","email"
"2025-03-20 13:48:07","2025-03-20 13:51:18","IP Address","190","100","2025-03-20 13:51:19","R_2V3kvjEWU6ryAR2","EN","email"
"2025-03-20 13:56:00","2025-03-20 14:03:46","IP Address","466","100","2025-03-20 14:03:46","R_5dIIWMVDHvKHApb","EN","email"
"2025-03-20 14:56:11","2025-03-20 14:58:26","IP Address","134","100","2025-03-20 14:58:27","R_5g6iuMadGtuoG5Q","EN","email"
"2025-03-20 11:53:39","2025-03-20 16:05:43","IP Address","15123","100","2025-03-20 16:05:43","R_32LyjG7eJ3SSK5c","EN","email"
"2025-03-20 20:57:58","2025-03-20 21:09:21","IP Address","683","100","2025-03-20 21:09:21","R_2Bny7HO3I7vTebi","EN","email"
"2025-03-20 22:53:05","2025-03-20 22:58:00","IP Address","295","100","2025-03-20 22:58:01","R_9uJxun4HOdBk6Lx","EN","email"
"2025-03-21 00:19:25","2025-03-21 00:21:42","IP Address","136","100","2025-03-21 00:21:43","R_6f0LALbyWBj639u","EN","email"
"2025-03-21 00:24:08","2025-03-21 00:27:42","IP Address","214","100","2025-03-21 00:27:43","R_7yx6jhgkjniwUYF","EN","anonymous"
"2025-03-21 04:34:05","2025-03-21 04:39:00","IP Address","294","100","2025-03-21 04:39:00","R_9tGnCZ62AxMBCTq","EN","email"
"2025-03-21 07:07:09","2025-03-21 07:10:15","IP Address","186","100","2025-03-21 07:10:16","R_9pWrO8vBbEq3lJJ","EN","email"
"2025-03-21 07:11:13","2025-03-21 07:16:15","IP Address","302","100","2025-03-21 07:16:15","R_2k6eckV8FzgrCNc","EN","email"
"2025-03-21 07:08:38","2025-03-21 07:18:36","IP Address","597","100","2025-03-21 07:18:37","R_9g55MkcYFRrJb6H","EN","email"
"2025-03-21 16:06:25","2025-03-21 16:08:48","IP Address","142","100","2025-03-21 16:08:48","R_2PIIjjBkJjdeR69","EN","email"
"2025-03-24 08:23:52","2025-03-24 08:28:58","IP Address","306","100","2025-03-24 08:28:59","R_2M09Nvu0drMV69Z","EN","email"
"2025-03-24 15:15:53","2025-03-24 15:27:30","IP Address","696","100","2025-03-24 15:27:30","R_5gndOcpRz0dSJSV","EN","email"
"2025-03-25 14:14:50","2025-03-25 14:19:14","IP Address","263","100","2025-03-25 14:19:14","R_8MQCAcXyKyrwLkn","EN","email"
"2025-03-25 14:19:45","2025-03-25 14:23:12","IP Address","206","100","2025-03-25 14:23:12","R_8Wx4Zhi1eYwfiYl","EN","email"
"2025-03-25 14:20:07","2025-03-25 14:24:03","IP Address","236","100","2025-03-25 14:24:03","R_7esLHdCHbvaaISt","EN","email"
"2025-03-25 14:23:07","2025-03-25 14:28:33","IP Address","325","100","2025-03-25 14:28:34","R_6DZXonQx3lld8oa","EN","email"
"2025-03-25 14:44:46","2025-03-25 14:50:55","IP Address","368","100","2025-03-25 14:50:56","R_8iJqYgBPdtoDSq5","EN","email"
"2025-03-25 14:49:41","2025-03-25 14:54:48","IP Address","306","100","2025-03-25 14:54:48","R_2rrxJyYCG2MiWPs","EN","email"
"2025-03-25 15:34:30","2025-03-25 15:39:11","IP Address","280","100","2025-03-25 15:39:11","R_7LI3oaWDSNxbm25","EN","email"
"2025-03-25 15:51:25","2025-03-25 15:55:46","IP Address","260","100","2025-03-25 15:55:47","R_5MO1OXkgBJjAwdX","EN","email"
"2025-03-25 16:00:13","2025-03-25 16:05:46","IP Address","332","100","2025-03-25 16:05:46","R_5LnV3XE2okrRwmR","EN","email"
"2025-03-25 16:11:41","2025-03-25 16:14:00","IP Address","139","100","2025-03-25 16:14:01","R_879lB33GebPmGxY","EN","email"
"2025-03-25 15:59:20","2025-03-25 16:16:30","IP Address","1030","100","2025-03-25 16:16:31","R_2PRjOsN1uF4F2YF","EN","email"
"2025-03-25 17:36:16","2025-03-25 17:42:45","IP Address","388","100","2025-03-25 17:42:46","R_6E79DK4tVGO64lC","EN","email"
"2025-03-25 18:09:11","2025-03-25 18:13:54","IP Address","283","100","2025-03-25 18:13:55","R_2OvitbGfXAsJ2Gt","EN","email"
"2025-03-25 20:02:42","2025-03-25 20:07:29","IP Address","287","100","2025-03-25 20:07:30","R_4OsmOQ42apW2wlb","EN","email"
"2025-03-25 22:29:48","2025-03-25 22:43:08","IP Address","799","100","2025-03-25 22:43:09","R_7mOKwM9erxbAOHL","EN","email"
"2025-03-25 19:59:32","2025-03-25 22:49:46","IP Address","10213","100","2025-03-25 22:49:46","R_2nveevokHFdpozf","EN","email"
"2025-03-25 23:30:03","2025-03-25 23:32:00","IP Address","117","100","2025-03-25 23:32:01","R_4P11DuRy4WniQiW","EN","email"
"2025-03-26 02:02:25","2025-03-26 02:06:27","IP Address","241","100","2025-03-26 02:06:27","R_9foOkUPNbzSVDI8","EN","email"
"2025-03-26 07:15:31","2025-03-26 07:18:58","IP Address","206","100","2025-03-26 07:18:59","R_4DOXmRw8zT3fp9u","EN","email"
"2025-03-26 07:50:38","2025-03-26 08:01:56","IP Address","678","100","2025-03-26 08:01:57","R_6uC0iuJzejTJcYX","EN","email"
"2025-03-26 10:15:54","2025-03-26 10:20:28","IP Address","273","100","2025-03-26 10:20:28","R_54iJz8OO7rtoKAl","EN","email"
"2025-03-27 17:48:49","2025-03-27 18:00:28","IP Address","698","100","2025-03-27 18:00:28","R_8LAS7qHzOPLaTn5","EN","email"
"2025-04-02 13:33:54","2025-04-02 13:36:16","IP Address","141","100","2025-04-02 13:36:16","R_6R3aymFbIS9dWnM","EN","email"
"2025-04-02 13:32:14","2025-04-02 13:37:55","IP Address","340","100","2025-04-02 13:37:55","R_1Q4w5T6xXhrrYSq","EN","email"
"2025-04-02 13:39:19","2025-04-02 13:41:49","IP Address","150","100","2025-04-02 13:41:49","R_7Vu4alMXmOMF18B","EN","email"
"2025-04-02 13:40:32","2025-04-02 13:44:40","IP Address","248","100","2025-04-02 13:44:41","R_1FIMEchHhz39JXQ","EN","email"
"2025-04-02 13:39:06","2025-04-02 13:45:25","IP Address","378","100","2025-04-02 13:45:26","R_4KruRvaC6IWeZLb","EN","email"
"2025-04-02 13:41:51","2025-04-02 13:45:34","IP Address","223","100","2025-04-02 13:45:35","R_6IXGWZfdOv7S2Tm","EN","email"
"2025-04-02 13:45:02","2025-04-02 13:51:32","IP Address","390","100","2025-04-02 13:51:33","R_1QJTQM4EbFccSUy","EN","email"
"2025-04-02 13:49:46","2025-04-02 13:54:12","IP Address","265","100","2025-04-02 13:54:12","R_6B6ZmktpRasyCw9","EN","email"
"2025-04-02 13:51:54","2025-04-02 13:54:15","IP Address","141","100","2025-04-02 13:54:16","R_3TiwQEDLSEq9rMJ","EN","email"
"2025-04-02 13:51:23","2025-04-02 13:56:56","IP Address","333","100","2025-04-02 13:56:57","R_8KjQ2xIUnEnrGY9","EN","email"
"2025-04-02 14:07:18","2025-04-02 14:10:52","IP Address","213","100","2025-04-02 14:10:53","R_4NVEjom5XIvLH6V","EN","email"
"2025-04-02 14:07:16","2025-04-02 14:11:03","IP Address","226","100","2025-04-02 14:11:03","R_490wjb8HVyaYwln","EN","email"
"2025-04-02 14:08:36","2025-04-02 14:12:03","IP Address","207","100","2025-04-02 14:12:03","R_2iEWblrVMhHWZpe","EN","email"
"2025-04-02 14:11:52","2025-04-02 14:19:24","IP Address","452","100","2025-04-02 14:19:25","R_8flsjWc2FVlIy3M","EN","email"
"2025-04-02 14:14:36","2025-04-02 14:19:38","IP Address","301","100","2025-04-02 14:19:39","R_2JJ0ylRv6Yyr7oo","EN","email"
"2025-04-02 14:16:20","2025-04-02 14:21:04","IP Address","283","100","2025-04-02 14:21:04","R_7gSF7B5LC1EwoRt","EN","email"
"2025-04-02 14:28:35","2025-04-02 14:34:24","IP Address","348","100","2025-04-02 14:34:24","R_8MdJZs97pn94V1v","EN","email"
"2025-04-02 14:48:37","2025-04-02 14:52:55","IP Address","257","100","2025-04-02 14:52:55","R_6zsNKQFZg03GJqN","EN","email"
"2025-04-02 15:10:48","2025-04-02 15:19:26","IP Address","518","100","2025-04-02 15:19:26","R_3i6sh6uOrtQjb2x","EN","email"
"2025-04-02 15:19:34","2025-04-02 15:22:48","IP Address","193","100","2025-04-02 15:22:49","R_1UP3mMDPmsGyeOJ","EN","email"
"2025-04-02 16:51:38","2025-04-02 16:55:06","IP Address","208","100","2025-04-02 16:55:07","R_8pYl1aAQhp28FIl","EN","email"
"2025-04-02 17:28:56","2025-04-02 17:38:00","IP Address","543","100","2025-04-02 17:38:00","R_8NzEN7zYswVXLqt","EN","email"
"2025-04-02 19:19:31","2025-04-02 19:21:06","IP Address","94","100","2025-04-02 19:21:07","R_72N4VAzlza5ns2d","EN","email"
"2025-04-02 20:43:08","2025-04-02 20:50:01","IP Address","413","100","2025-04-02 20:50:01","R_3Rr4vYUqM2dSS7N","EN","email"
"2025-04-02 21:18:48","2025-04-02 21:24:57","IP Address","368","100","2025-04-02 21:24:57","R_3LO8U9RBIgEy6Hv","EN","email"
"2025-04-02 22:15:51","2025-04-02 22:22:13","IP Address","381","100","2025-04-02 22:22:13","R_3WQMlAWPM8za8W5","EN","email"
"2025-04-03 13:41:42","2025-04-03 13:50:04","IP Address","501","100","2025-04-03 13:50:04","R_2r2M1swP8pXzuJQ","EN","email"
"2025-04-05 14:31:48","2025-04-05 14:43:00","IP Address","672","100","2025-04-05 14:43:01","R_8oZVUxbXftKw8ji","EN","email"
"2025-04-07 01:40:18","2025-04-07 01:55:04","IP Address","886","100","2025-04-07 01:55:04","R_7c7TFg9hT41uGAJ","EN","email"
"2025-04-10 11:34:36","2025-04-10 11:37:50","IP Address","194","100","2025-04-10 11:37:50","R_8flmH2iRl0j2gr5","EN","email"
"2025-04-14 11:08:58","2025-04-14 11:19:12","IP Address","614","100","2025-04-14 11:19:12","R_3nl4yEscS9s9XAH","EN","email"
"2025-04-17 18:14:31","2025-04-17 18:18:12","IP Address","221","100","2025-04-17 18:18:12","R_8ISg2P8gyIC6OZi","EN","email"
"2025-03-20 11:07:05","2025-03-20 11:09:31","IP Address","145","80","2025-04-20 12:09:40","R_9Pc7FkKpbHcCJ1o","EN","email"
"2025-03-20 11:07:22","2025-03-20 11:10:11","IP Address","169","93","2025-04-20 12:10:13","R_9DDhYu1lBzw5M2t","EN","email"
"2025-03-20 11:03:22","2025-03-20 11:22:25","IP Address","1142","80","2025-04-20 12:22:26","R_4qyUOBUdSQmMNab","EN","email"
"2025-03-20 11:20:57","2025-03-20 11:29:37","IP Address","519","93","2025-04-20 12:29:37","R_88XxGv5EmIP1vc5","EN","email"
"2025-03-20 11:51:26","2025-03-20 11:53:54","IP Address","147","80","2025-04-20 12:53:56","R_2DURHWF5PzWKEF5","EN","email"
"2025-03-20 12:44:25","2025-03-20 12:46:21","IP Address","116","60","2025-04-20 13:46:25","R_4OQ5WYs0pqWmZUe","EN","email"
"2025-03-20 13:18:20","2025-03-20 13:30:48","IP Address","747","93","2025-04-20 14:30:48","R_3vSl4f3YK3WadJ7","EN","email"
"2025-03-20 15:37:23","2025-03-20 15:41:37","IP Address","254","93","2025-04-20 16:41:40","R_24C4aWj2o0pP0bO","EN","email"
"2025-03-20 11:17:40","2025-03-20 15:59:59","IP Address","16938","80","2025-04-20 17:00:01","R_8e4Rnk7bNNLThiH","EN","email"
"2025-03-20 17:40:04","2025-03-20 17:41:03","IP Address","58","60","2025-04-20 18:41:09","R_5Vx8tluMVP9LW3W","EN","email"
"2025-03-20 11:00:33","2025-03-21 01:22:30","IP Address","51716","93","2025-04-21 02:22:33","R_5mQ3LnBSAd97FIH","EN","email"
"2025-03-21 09:27:28","2025-03-21 09:31:59","IP Address","271","93","2025-04-21 10:32:07","R_4KPhn5mn6mVTYDx","EN","email"
"2025-03-20 19:10:09","2025-03-21 17:07:30","IP Address","79040","67","2025-04-21 18:07:31","R_2g5HIFI15zzrPcm","EN","email"
"2025-04-22 17:51:56","2025-04-22 17:55:52","IP Address","236","100","2025-04-22 17:55:56","R_12eUDKHd0Rzx5Ro","EN","email"
"2025-03-25 14:17:14","2025-03-25 14:19:15","IP Address","121","80","2025-04-25 15:19:16","R_2fVnwT8WtpbwAhj","EN","email"
"2025-03-25 15:17:10","2025-03-25 15:21:41","IP Address","270","93","2025-04-25 16:21:50","R_2drQgVGE74s73Cv","EN","email"
"2025-03-25 17:26:32","2025-03-25 17:27:42","IP Address","69","60","2025-04-25 18:27:44","R_7mwMB1u2IUYrhui","EN","email"
"2025-03-25 18:24:18","2025-03-25 18:25:13","IP Address","55","60","2025-04-25 19:25:15","R_32uCKlgiaZeSQff","EN","email"
"2025-03-25 22:28:52","2025-03-25 22:29:36","IP Address","44","20","2025-04-25 23:29:44","R_2VVFaJaIUSkl6aR","EN","email"
"2025-03-26 01:22:09","2025-03-26 01:28:51","IP Address","402","93","2025-04-26 02:28:52","R_4CHqLRcrTbslbtm","EN","email"
"2025-03-26 08:18:20","2025-03-26 08:19:03","IP Address","42","33","2025-04-26 09:19:05","R_94uTB7vgENRKecC","EN","email"
